,boxscore_index,date,datetime,day,extra_points_attempted,extra_points_made,field_goals_attempted,field_goals_made,fourth_down_attempts,fourth_down_conversions,interceptions,location,opponent_abbr,opponent_name,overtime,pass_attempts,pass_completion_rate,pass_completions,pass_touchdowns,pass_yards,pass_yards_per_attempt,points_allowed,points_scored,punt_yards,punts,quarterback_rating,result,rush_attempts,rush_touchdowns,rush_yards,rush_yards_per_attempt,third_down_attempts,third_down_conversions,time_of_possession,times_sacked,type,week,yards_lost_from_sacks
201909080jax,201909080jax,8-Sep,9/8/2019,Sun,4,4,4,4,0,0,0,Away,JAX,Jacksonville Jaguars,FALSE,34,73.5,25,3,378,11.1,26,40,51,1,139.1,Win,26,1,113,4.3,10,5,31:15:00,0,Reg,1,0
201909150rai,201909150rai,15-Sep,9/15/2019,Sun,4,4,0,0,0,0,0,Away,RAI,Oakland Raiders,FALSE,44,68.2,30,4,436,9.9,10,28,196,5,130.5,Win,22,0,31,1.4,14,8,32:35:00,2,Reg,2,7
201909220kan,201909220kan,22-Sep,9/22/2019,Sun,4,3,2,2,1,0,0,Home,RAV,Baltimore Ravens,FALSE,37,73,27,3,363,9.8,28,33,88,2,130.8,Win,25,1,140,5.6,9,5,27:16:00,1,Reg,3,11
201909290det,201909290det,29-Sep,9/29/2019,Sun,4,4,3,2,1,1,0,Away,DET,Detroit Lions,FALSE,42,57.1,24,0,315,7.5,30,34,91,2,81,Win,25,3,123,4.9,9,4,26:05:00,0,Reg,4,0
,,,,,,,,,,,,,,,,,,,,,,,,,,,,,,,,,,,,,,
,,,,,,,,,,,,,,,,,,,,,,,,,,,,,,,,,,,,,,
,,,,,,,,,,,,,,,,,,,,,,,,,,,,,,,,,,,,,,
,,,,,,,,,,,,,,,,,,,,,,,,,,,,,,,,,,,,,,
,,,,,,,,,,,,,,,,,,,,,,,,,,,,,,,,,,,,,,
,,,,,,,,,,,,,,,,,,,,,,,,,,,,,,,,,,,,,,
,,,,,,,,,,,,,,,,,,,,,,,,,,,,,,,,,,,,,,
,,,,,,,,,,,,,,,,,,,,,,,,,,,,,,,,,,,,,,
,,,,,,,,,,,,,,,,,,,,,,,,,,,,,,,,,,,,,,
,,,,,,,,,,,,,,,,,,,,,,,,,,,,,,,,,,,,,,
,,,,,,,,,,,,,,,,,,,,,,,,,,,,,,,,,,,,,,
,,,,,,,,,,,,,,,,,,,,,,,,,,,,,,,,,,,,,,
201909080mia,201909080mia,8-Sep,9/8/2019,Sun,8,8,1,1,2,2,0,Away,MIA,Miami Dolphins,FALSE,26,88.5,23,6,378,14.5,10,59,56,1,158.3,Win,46,2,265,5.8,11,7,40:07:00,1,Reg,1,1
201909150rav,201909150rav,15-Sep,9/15/2019,Sun,2,2,3,3,1,0,0,Home,CRD,Arizona Cardinals,FALSE,37,64.9,24,2,258,7,17,23,129,3,103.2,Win,33,0,182,5.5,14,7,37:38:00,2,Reg,2,14
201909220kan,201909220kan,22-Sep,9/22/2019,Sun,1,1,1,1,4,3,0,Away,KAN,Kansas City Chiefs,FALSE,43,51.2,22,0,249,5.8,33,28,153,3,68.8,Loss,32,4,203,6.3,13,5,32:44:00,3,Reg,3,18
201909290rav,201909290rav,29-Sep,9/29/2019,Sun,2,2,1,1,2,1,2,Home,CLE,Cleveland Browns,FALSE,34,70.6,24,3,222,6.5,40,25,131,3,93,Loss,29,0,173,6,10,4,29:43:00,4,Reg,4,25
,,,,,,,,,,,,,,,,,,,,,,,,,,,,,,,,,,,,,,
,,,,,,,,,,,,,,,,,,,,,,,,,,,,,,,,,,,,,,
,,,,,,,,,,,,,,,,,,,,,,,,,,,,,,,,,,,,,,
,,,,,,,,,,,,,,,,,,,,,,,,,,,,,,,,,,,,,,
,,,,,,,,,,,,,,,,,,,,,,,,,,,,,,,,,,,,,,
,,,,,,,,,,,,,,,,,,,,,,,,,,,,,,,,,,,,,,
,,,,,,,,,,,,,,,,,,,,,,,,,,,,,,,,,,,,,,
,,,,,,,,,,,,,,,,,,,,,,,,,,,,,,,,,,,,,,
,,,,,,,,,,,,,,,,,,,,,,,,,,,,,,,,,,,,,,
,,,,,,,,,,,,,,,,,,,,,,,,,,,,,,,,,,,,,,
,,,,,,,,,,,,,,,,,,,,,,,,,,,,,,,,,,,,,,
,,,,,,,,,,,,,,,,,,,,,,,,,,,,,,,,,,,,,,
201909080tam,201909080tam,8-Sep,9/8/2019,Sun,2,2,1,1,2,0,3,Home,SFO,San Francisco 49ers,FALSE,36,55.6,20,1,174,4.8,31,17,42,2,43.1,Loss,26,0,121,4.7,11,5,29:56:00,3,Reg,1,20
201909120car,201909120car,12-Sep,9/12/2019,Thu,2,2,3,2,0,0,0,Away,CAR,Carolina Panthers,FALSE,25,64,16,1,189,7.6,14,20,295,6,100.2,Win,31,1,100,3.2,12,2,33:53:00,3,Reg,2,19
201909220tam,201909220tam,22-Sep,9/22/2019,Sun,3,1,5,4,1,1,1,Home,NYG,New York Giants,FALSE,37,62.2,23,3,355,9.6,32,31,179,4,109.6,Loss,32,0,144,4.5,14,4,33:12:00,4,Reg,3,25
201909290ram,201909290ram,29-Sep,9/29/2019,Sun,7,7,2,2,0,0,1,Away,RAM,Los Angeles Rams,FALSE,41,68.3,28,4,376,9.2,40,55,88,2,119.6,Win,30,2,88,2.9,13,8,32:36:00,2,Reg,4,9
,,,,,,,,,,,,,,,,,,,,,,,,,,,,,,,,,,,,,,
,,,,,,,,,,,,,,,,,,,,,,,,,,,,,,,,,,,,,,
,,,,,,,,,,,,,,,,,,,,,,,,,,,,,,,,,,,,,,
,,,,,,,,,,,,,,,,,,,,,,,,,,,,,,,,,,,,,,
,,,,,,,,,,,,,,,,,,,,,,,,,,,,,,,,,,,,,,
,,,,,,,,,,,,,,,,,,,,,,,,,,,,,,,,,,,,,,
,,,,,,,,,,,,,,,,,,,,,,,,,,,,,,,,,,,,,,
,,,,,,,,,,,,,,,,,,,,,,,,,,,,,,,,,,,,,,
,,,,,,,,,,,,,,,,,,,,,,,,,,,,,,,,,,,,,,
,,,,,,,,,,,,,,,,,,,,,,,,,,,,,,,,,,,,,,
,,,,,,,,,,,,,,,,,,,,,,,,,,,,,,,,,,,,,,
,,,,,,,,,,,,,,,,,,,,,,,,,,,,,,,,,,,,,,
201909080nwe,201909080nwe,8-Sep,9/8/2019,Sun,3,3,4,4,0,0,0,Home,PIT,Pittsburgh Steelers,FALSE,37,67.6,25,3,366,9.9,3,33,123,3,126.6,Win,29,0,99,3.4,14,7,32:33:00,1,Reg,1,7
201909150mia,201909150mia,15-Sep,9/15/2019,Sun,6,4,2,1,0,0,0,Away,MIA,Miami Dolphins,FALSE,28,71.4,20,2,255,9.1,0,43,144,3,123.4,Win,35,2,124,3.5,11,6,36:30:00,2,Reg,2,9
201909220nwe,201909220nwe,22-Sep,9/22/2019,Sun,4,3,1,1,0,0,1,Home,NYJ,New York Jets,FALSE,45,66.7,30,2,313,7,14,30,310,7,92.2,Win,27,2,68,2.5,15,6,35:14:00,1,Reg,3,7
201909290buf,201909290buf,29-Sep,9/29/2019,Sun,2,1,1,1,0,0,1,Away,BUF,Buffalo Bills,FALSE,39,46.2,18,0,150,3.8,10,16,435,9,45.9,Win,23,1,74,3.2,18,5,27:20:00,0,Reg,4,0
,,,,,,,,,,,,,,,,,,,,,,,,,,,,,,,,,,,,,,
,,,,,,,,,,,,,,,,,,,,,,,,,,,,,,,,,,,,,,
,,,,,,,,,,,,,,,,,,,,,,,,,,,,,,,,,,,,,,
,,,,,,,,,,,,,,,,,,,,,,,,,,,,,,,,,,,,,,
,,,,,,,,,,,,,,,,,,,,,,,,,,,,,,,,,,,,,,
,,,,,,,,,,,,,,,,,,,,,,,,,,,,,,,,,,,,,,
,,,,,,,,,,,,,,,,,,,,,,,,,,,,,,,,,,,,,,
,,,,,,,,,,,,,,,,,,,,,,,,,,,,,,,,,,,,,,
,,,,,,,,,,,,,,,,,,,,,,,,,,,,,,,,,,,,,,
,,,,,,,,,,,,,,,,,,,,,,,,,,,,,,,,,,,,,,
,,,,,,,,,,,,,,,,,,,,,,,,,,,,,,,,,,,,,,
,,,,,,,,,,,,,,,,,,,,,,,,,,,,,,,,,,,,,,
201909080car,201909080car,8-Sep,9/8/2019,Sun,3,3,4,3,0,0,1,Away,CAR,Carolina Panthers,FALSE,39,59,23,1,183,4.7,27,30,138,4,68.6,Win,32,2,166,5.2,17,9,33:16:00,1,Reg,1,3
201909150ram,201909150ram,15-Sep,9/15/2019,Sun,3,3,2,2,0,0,0,Home,NOR,New Orleans Saints,FALSE,28,67.9,19,1,265,9.5,9,27,199,4,110,Win,30,2,115,3.8,13,5,30:21:00,3,Reg,2,18
201909220cle,201909220cle,22-Sep,9/22/2019,Sun,2,2,3,2,0,0,2,Away,CLE,Cleveland Browns,FALSE,38,63.2,24,2,254,6.7,13,20,79,2,78.2,Win,24,0,90,3.8,14,6,28:23:00,2,Reg,3,14
201909290ram,201909290ram,29-Sep,9/29/2019,Sun,4,4,2,2,1,0,3,Home,TAM,Tampa Bay Buccaneers,FALSE,68,66.2,45,2,490,7.2,55,40,41,1,78.7,Loss,11,2,28,2.5,11,4,27:24:00,2,Reg,4,27
,,,,,,,,,,,,,,,,,,,,,,,,,,,,,,,,,,,,,,
,,,,,,,,,,,,,,,,,,,,,,,,,,,,,,,,,,,,,,
,,,,,,,,,,,,,,,,,,,,,,,,,,,,,,,,,,,,,,
,,,,,,,,,,,,,,,,,,,,,,,,,,,,,,,,,,,,,,
,,,,,,,,,,,,,,,,,,,,,,,,,,,,,,,,,,,,,,
,,,,,,,,,,,,,,,,,,,,,,,,,,,,,,,,,,,,,,
,,,,,,,,,,,,,,,,,,,,,,,,,,,,,,,,,,,,,,
,,,,,,,,,,,,,,,,,,,,,,,,,,,,,,,,,,,,,,
,,,,,,,,,,,,,,,,,,,,,,,,,,,,,,,,,,,,,,
,,,,,,,,,,,,,,,,,,,,,,,,,,,,,,,,,,,,,,
,,,,,,,,,,,,,,,,,,,,,,,,,,,,,,,,,,,,,,
,,,,,,,,,,,,,,,,,,,,,,,,,,,,,,,,,,,,,,
201909080phi,201909080phi,8-Sep,9/8/2019,Sun,3,3,1,1,2,1,0,Home,WAS,Washington Redskins,FALSE,39,71.8,28,3,313,8,27,32,154,3,121,Win,31,1,123,4,17,11,34:27:00,1,Reg,1,0
201909150atl,201909150atl,15-Sep,9/15/2019,Sun,0,0,2,2,3,2,2,Away,ATL,Atlanta Falcons,FALSE,48,58.3,28,1,237,4.9,24,20,209,4,60.9,Loss,21,1,49,2.3,18,9,32:54:00,3,Reg,2,18
201909220phi,201909220phi,22-Sep,9/22/2019,Sun,3,3,1,1,2,0,0,Home,DET,Detroit Lions,FALSE,36,52.8,19,2,246,6.8,27,24,144,3,93.1,Loss,30,1,127,4.2,13,7,32:18:00,3,Reg,3,13
201909260gnb,201909260gnb,26-Sep,9/26/2019,Thu,4,4,0,0,0,0,0,Away,GNB,Green Bay Packers,FALSE,27,59.3,16,3,160,5.9,27,34,167,4,113.2,Win,33,2,176,5.3,9,5,27:39:00,0,Reg,4,0
,,,,,,,,,,,,,,,,,,,,,,,,,,,,,,,,,,,,,,
,,,,,,,,,,,,,,,,,,,,,,,,,,,,,,,,,,,,,,
,,,,,,,,,,,,,,,,,,,,,,,,,,,,,,,,,,,,,,
,,,,,,,,,,,,,,,,,,,,,,,,,,,,,,,,,,,,,,
,,,,,,,,,,,,,,,,,,,,,,,,,,,,,,,,,,,,,,
,,,,,,,,,,,,,,,,,,,,,,,,,,,,,,,,,,,,,,
,,,,,,,,,,,,,,,,,,,,,,,,,,,,,,,,,,,,,,
,,,,,,,,,,,,,,,,,,,,,,,,,,,,,,,,,,,,,,
,,,,,,,,,,,,,,,,,,,,,,,,,,,,,,,,,,,,,,
,,,,,,,,,,,,,,,,,,,,,,,,,,,,,,,,,,,,,,
,,,,,,,,,,,,,,,,,,,,,,,,,,,,,,,,,,,,,,
,,,,,,,,,,,,,,,,,,,,,,,,,,,,,,,,,,,,,,
201909080dal,201909080dal,8-Sep,9/8/2019,Sun,5,5,0,0,0,0,0,Home,NYG,New York Giants,FALSE,32,78.1,25,4,405,12.7,17,35,165,4,158.3,Win,30,1,89,3,10,6,32:18:00,0,Reg,1,0
201909150was,201909150was,15-Sep,9/15/2019,Sun,4,4,1,1,0,0,1,Away,WAS,Washington Redskins,FALSE,30,86.7,26,3,261,8.7,21,31,101,2,122.4,Win,34,1,213,6.3,11,7,33:22:00,1,Reg,2,8
201909220dal,201909220dal,22-Sep,9/22/2019,Sun,4,4,2,1,0,0,1,Home,MIA,Miami Dolphins,FALSE,32,59.4,19,2,241,7.5,6,31,133,3,90.8,Win,34,2,235,6.9,10,5,30:56:00,1,Reg,3,5
201909290nor,201909290nor,29-Sep,9/29/2019,Sun,1,1,1,1,1,0,1,Away,NOR,New Orleans Saints,FALSE,33,66.7,22,0,212,6.4,12,10,181,4,71.8,Loss,20,1,45,2.3,11,4,23:56,1,Reg,4,11
,,,,,,,,,,,,,,,,,,,,,,,,,,,,,,,,,,,,,,
,,,,,,,,,,,,,,,,,,,,,,,,,,,,,,,,,,,,,,
,,,,,,,,,,,,,,,,,,,,,,,,,,,,,,,,,,,,,,
,,,,,,,,,,,,,,,,,,,,,,,,,,,,,,,,,,,,,,
,,,,,,,,,,,,,,,,,,,,,,,,,,,,,,,,,,,,,,
,,,,,,,,,,,,,,,,,,,,,,,,,,,,,,,,,,,,,,
,,,,,,,,,,,,,,,,,,,,,,,,,,,,,,,,,,,,,,
,,,,,,,,,,,,,,,,,,,,,,,,,,,,,,,,,,,,,,
,,,,,,,,,,,,,,,,,,,,,,,,,,,,,,,,,,,,,,
,,,,,,,,,,,,,,,,,,,,,,,,,,,,,,,,,,,,,,
,,,,,,,,,,,,,,,,,,,,,,,,,,,,,,,,,,,,,,
,,,,,,,,,,,,,,,,,,,,,,,,,,,,,,,,,,,,,,
201909080sea,201909080sea,8-Sep,9/8/2019,Sun,3,3,0,0,0,0,0,Home,CIN,Cincinnati Bengals,FALSE,20,70,14,2,161,8.1,20,21,376,8,127.3,Win,25,1,72,2.9,12,4,24:10:00,4,Reg,1,35
201909150pit,201909150pit,15-Sep,9/15/2019,Sun,4,4,1,0,1,1,0,Away,PIT,Pittsburgh Steelers,FALSE,35,82.9,29,3,274,7.8,26,28,205,4,127.9,Win,33,1,151,4.6,13,5,35:46:00,4,Reg,2,26
201909220sea,201909220sea,22-Sep,9/22/2019,Sun,3,3,0,0,4,1,0,Home,NOR,New Orleans Saints,FALSE,50,64,32,2,406,8.1,33,27,165,4,102.6,Loss,26,2,108,4.2,14,5,31:33:00,0,Reg,3,0
201909290crd,201909290crd,29-Sep,9/29/2019,Sun,3,3,2,2,0,0,0,Away,CRD,Arizona Cardinals,FALSE,28,78.6,22,1,225,8,10,27,171,4,112.1,Win,27,1,115,4.3,10,4,33:24:00,4,Reg,4,15
,,,,,,,,,,,,,,,,,,,,,,,,,,,,,,,,,,,,,,
,,,,,,,,,,,,,,,,,,,,,,,,,,,,,,,,,,,,,,
,,,,,,,,,,,,,,,,,,,,,,,,,,,,,,,,,,,,,,
,,,,,,,,,,,,,,,,,,,,,,,,,,,,,,,,,,,,,,
,,,,,,,,,,,,,,,,,,,,,,,,,,,,,,,,,,,,,,
,,,,,,,,,,,,,,,,,,,,,,,,,,,,,,,,,,,,,,
,,,,,,,,,,,,,,,,,,,,,,,,,,,,,,,,,,,,,,
,,,,,,,,,,,,,,,,,,,,,,,,,,,,,,,,,,,,,,
,,,,,,,,,,,,,,,,,,,,,,,,,,,,,,,,,,,,,,
,,,,,,,,,,,,,,,,,,,,,,,,,,,,,,,,,,,,,,
,,,,,,,,,,,,,,,,,,,,,,,,,,,,,,,,,,,,,,
,,,,,,,,,,,,,,,,,,,,,,,,,,,,,,,,,,,,,,
201909080crd,201909080crd,8-Sep,9/8/2019,Sun,3,3,2,2,1,0,0,Away,CRD,Arizona Cardinals,TRUE,45,60,27,3,361,8,27,27,314,8,107.7,Win,32,0,116,3.6,18,6,39:23:00,3,Reg,1,24
201909150det,201909150det,15-Sep,9/15/2019,Sun,2,1,1,0,1,1,2,Home,SDG,Los Angeles Chargers,FALSE,30,73.3,22,2,245,8.2,10,13,176,4,91.7,Win,28,0,94,3.4,10,4,28:41:00,0,Reg,2,0
201909220phi,201909220phi,22-Sep,9/22/2019,Sun,3,3,3,2,0,0,0,Away,PHI,Philadelphia Eagles,FALSE,32,56.3,18,1,201,6.3,24,27,226,5,85.5,Win,28,1,86,3.1,14,6,27:42:00,0,Reg,3,0
201909290det,201909290det,29-Sep,9/29/2019,Sun,3,3,3,3,0,0,0,Home,KAN,Kansas City Chiefs,FALSE,34,61.8,21,3,261,7.7,34,30,131,3,115,Loss,35,0,186,5.3,13,5,33:55:00,4,Reg,4,30
,,,,,,,,,,,,,,,,,,,,,,,,,,,,,,,,,,,,,,
,,,,,,,,,,,,,,,,,,,,,,,,,,,,,,,,,,,,,,
,,,,,,,,,,,,,,,,,,,,,,,,,,,,,,,,,,,,,,
,,,,,,,,,,,,,,,,,,,,,,,,,,,,,,,,,,,,,,
,,,,,,,,,,,,,,,,,,,,,,,,,,,,,,,,,,,,,,
,,,,,,,,,,,,,,,,,,,,,,,,,,,,,,,,,,,,,,
,,,,,,,,,,,,,,,,,,,,,,,,,,,,,,,,,,,,,,
,,,,,,,,,,,,,,,,,,,,,,,,,,,,,,,,,,,,,,
,,,,,,,,,,,,,,,,,,,,,,,,,,,,,,,,,,,,,,
,,,,,,,,,,,,,,,,,,,,,,,,,,,,,,,,,,,,,,
,,,,,,,,,,,,,,,,,,,,,,,,,,,,,,,,,,,,,,
,,,,,,,,,,,,,,,,,,,,,,,,,,,,,,,,,,,,,,
201909080tam,201909080tam,8-Sep,9/8/2019,Sun,2,2,4,3,0,0,1,Away,TAM,Tampa Bay Buccaneers,FALSE,27,66.7,18,1,158,5.9,17,31,91,2,78.9,Win,32,0,98,3.1,13,5,30:04:00,1,Reg,1,8
201909150cin,201909150cin,15-Sep,9/15/2019,Sun,5,5,3,2,0,0,1,Away,CIN,Cincinnati Bengals,FALSE,26,69.2,18,3,312,12,17,41,75,2,132.2,Win,42,2,259,6.2,9,5,32:19:00,0,Reg,2,0
201909220sfo,201909220sfo,22-Sep,9/22/2019,Sun,3,3,1,1,0,0,2,Home,PIT,Pittsburgh Steelers,FALSE,32,71.9,23,1,268,8.4,20,24,150,3,81.2,Win,40,2,168,4.2,11,6,36:17:00,1,Reg,3,9
,,,,,,,,,,,,,,,,,,,,,,,,,,,,,,,,,,,,,,
,,,,,,,,,,,,,,,,,,,,,,,,,,,,,,,,,,,,,,
,,,,,,,,,,,,,,,,,,,,,,,,,,,,,,,,,,,,,,
,,,,,,,,,,,,,,,,,,,,,,,,,,,,,,,,,,,,,,
,,,,,,,,,,,,,,,,,,,,,,,,,,,,,,,,,,,,,,
,,,,,,,,,,,,,,,,,,,,,,,,,,,,,,,,,,,,,,
,,,,,,,,,,,,,,,,,,,,,,,,,,,,,,,,,,,,,,
,,,,,,,,,,,,,,,,,,,,,,,,,,,,,,,,,,,,,,
,,,,,,,,,,,,,,,,,,,,,,,,,,,,,,,,,,,,,,
,,,,,,,,,,,,,,,,,,,,,,,,,,,,,,,,,,,,,,
,,,,,,,,,,,,,,,,,,,,,,,,,,,,,,,,,,,,,,
,,,,,,,,,,,,,,,,,,,,,,,,,,,,,,,,,,,,,,
,,,,,,,,,,,,,,,,,,,,,,,,,,,,,,,,,,,,,,
201909080car,201909080car,8-Sep,9/8/2019,Sun,3,3,3,2,0,0,1,Home,RAM,Los Angeles Rams,FALSE,38,65.8,25,0,216,5.7,30,27,193,4,69.6,Loss,23,3,127,5.5,11,5,26:44:00,3,Reg,1,23
201909120car,201909120car,12-Sep,9/12/2019,Thu,0,0,4,4,3,0,0,Home,TAM,Tampa Bay Buccaneers,FALSE,51,49,25,0,313,6.1,20,14,253,5,68.5,Loss,19,0,39,2.1,14,3,26:07:00,3,Reg,2,20
201909220crd,201909220crd,22-Sep,9/22/2019,Sun,5,5,1,1,0,0,0,Away,CRD,Arizona Cardinals,FALSE,26,73.1,19,4,240,9.2,20,38,145,3,141,Win,31,1,173,5.6,10,4,28:16:00,2,Reg,3,21
201909290htx,201909290htx,29-Sep,9/29/2019,Sun,1,1,3,3,0,0,0,Away,HTX,Houston Texans,FALSE,34,70.6,24,0,203,6,10,16,158,4,85.8,Win,28,1,94,3.4,14,7,30:38:00,3,Reg,4,29
,,,,,,,,,,,,,,,,,,,,,,,,,,,,,,,,,,,,,,
,,,,,,,,,,,,,,,,,,,,,,,,,,,,,,,,,,,,,,
,,,,,,,,,,,,,,,,,,,,,,,,,,,,,,,,,,,,,,
,,,,,,,,,,,,,,,,,,,,,,,,,,,,,,,,,,,,,,
,,,,,,,,,,,,,,,,,,,,,,,,,,,,,,,,,,,,,,
,,,,,,,,,,,,,,,,,,,,,,,,,,,,,,,,,,,,,,
,,,,,,,,,,,,,,,,,,,,,,,,,,,,,,,,,,,,,,
,,,,,,,,,,,,,,,,,,,,,,,,,,,,,,,,,,,,,,
,,,,,,,,,,,,,,,,,,,,,,,,,,,,,,,,,,,,,,
,,,,,,,,,,,,,,,,,,,,,,,,,,,,,,,,,,,,,,
,,,,,,,,,,,,,,,,,,,,,,,,,,,,,,,,,,,,,,
,,,,,,,,,,,,,,,,,,,,,,,,,,,,,,,,,,,,,,
201909080sdg,201909080sdg,8-Sep,9/8/2019,Sun,2,1,3,1,1,1,0,Away,SDG,Los Angeles Chargers,TRUE,27,77.8,21,2,173,6.4,30,24,108,3,118.1,Loss,33,1,203,6.2,13,7,32:09:00,2,Reg,1,17
201909150oti,201909150oti,15-Sep,9/15/2019,Sun,3,1,0,0,1,1,1,Away,OTI,Tennessee Titans,FALSE,28,60.7,17,3,121,4.3,17,19,248,5,91.5,Win,34,0,167,4.9,14,7,31:54:00,3,Reg,2,25
201909220clt,201909220clt,22-Sep,9/22/2019,Sun,3,3,2,2,0,0,0,Home,ATL,Atlanta Falcons,FALSE,37,75.7,28,2,300,8.1,24,27,53,1,116.9,Win,24,1,79,3.3,8,5,31:23:00,1,Reg,3,10
201909290clt,201909290clt,29-Sep,9/29/2019,Sun,3,3,2,1,3,3,1,Home,RAI,Oakland Raiders,FALSE,46,52.2,24,3,265,5.8,31,24,186,4,82.2,Loss,23,0,81,3.5,16,6,26:19:00,0,Reg,4,0
,,,,,,,,,,,,,,,,,,,,,,,,,,,,,,,,,,,,,,
,,,,,,,,,,,,,,,,,,,,,,,,,,,,,,,,,,,,,,
,,,,,,,,,,,,,,,,,,,,,,,,,,,,,,,,,,,,,,
,,,,,,,,,,,,,,,,,,,,,,,,,,,,,,,,,,,,,,
,,,,,,,,,,,,,,,,,,,,,,,,,,,,,,,,,,,,,,
,,,,,,,,,,,,,,,,,,,,,,,,,,,,,,,,,,,,,,
,,,,,,,,,,,,,,,,,,,,,,,,,,,,,,,,,,,,,,
,,,,,,,,,,,,,,,,,,,,,,,,,,,,,,,,,,,,,,
,,,,,,,,,,,,,,,,,,,,,,,,,,,,,,,,,,,,,,
,,,,,,,,,,,,,,,,,,,,,,,,,,,,,,,,,,,,,,
,,,,,,,,,,,,,,,,,,,,,,,,,,,,,,,,,,,,,,
,,,,,,,,,,,,,,,,,,,,,,,,,,,,,,,,,,,,,,
201909080cle,201909080cle,8-Sep,9/8/2019,Sun,5,5,2,2,0,0,0,Away,CLE,Cleveland Browns,FALSE,24,58.3,14,3,216,9,13,43,277,6,127.8,Win,28,1,123,4.4,10,2,29:18:00,4,Reg,1,32
201909150oti,201909150oti,15-Sep,9/15/2019,Sun,2,2,2,1,1,0,0,Home,CLT,Indianapolis Colts,FALSE,28,67.9,19,1,119,4.3,19,17,288,6,88.2,Loss,24,1,124,5.2,10,1,28:06:00,4,Reg,2,35
201909190jax,201909190jax,19-Sep,9/19/2019,Thu,1,1,0,0,1,0,0,Away,JAX,Jacksonville Jaguars,FALSE,40,57.5,23,0,249,6.2,20,7,372,8,75.9,Loss,26,1,91,3.5,17,8,35:16:00,9,Reg,3,55
201909290atl,201909290atl,29-Sep,9/29/2019,Sun,3,3,1,1,1,0,0,Away,ATL,Atlanta Falcons,FALSE,27,66.7,18,3,227,8.4,10,24,225,5,129.7,Win,34,0,138,4.1,13,6,29:19:00,0,Reg,4,0
,,,,,,,,,,,,,,,,,,,,,,,,,,,,,,,,,,,,,,
,,,,,,,,,,,,,,,,,,,,,,,,,,,,,,,,,,,,,,
,,,,,,,,,,,,,,,,,,,,,,,,,,,,,,,,,,,,,,
,,,,,,,,,,,,,,,,,,,,,,,,,,,,,,,,,,,,,,
,,,,,,,,,,,,,,,,,,,,,,,,,,,,,,,,,,,,,,
,,,,,,,,,,,,,,,,,,,,,,,,,,,,,,,,,,,,,,
,,,,,,,,,,,,,,,,,,,,,,,,,,,,,,,,,,,,,,
,,,,,,,,,,,,,,,,,,,,,,,,,,,,,,,,,,,,,,
,,,,,,,,,,,,,,,,,,,,,,,,,,,,,,,,,,,,,,
,,,,,,,,,,,,,,,,,,,,,,,,,,,,,,,,,,,,,,
,,,,,,,,,,,,,,,,,,,,,,,,,,,,,,,,,,,,,,
,,,,,,,,,,,,,,,,,,,,,,,,,,,,,,,,,,,,,,
201909080sdg,201909080sdg,8-Sep,9/8/2019,Sun,3,3,1,1,0,0,1,Home,CLT,Indianapolis Colts,TRUE,34,73.5,25,3,310,9.1,24,30,98,2,118.5,Win,21,1,125,6,11,7,32:50:00,4,Reg,1,23
201909150det,201909150det,15-Sep,9/15/2019,Sun,1,1,3,1,0,0,1,Away,DET,Detroit Lions,FALSE,36,58.3,21,0,287,8,13,10,202,4,72.3,Loss,25,1,137,5.5,13,6,31:19:00,1,Reg,2,6
201909220sdg,201909220sdg,22-Sep,9/22/2019,Sun,2,2,2,2,3,2,0,Home,HTX,Houston Texans,FALSE,46,67.4,31,2,293,6.4,27,20,193,4,99.3,Loss,18,0,73,4.1,15,5,31:48:00,5,Reg,3,25
201909290mia,201909290mia,29-Sep,9/29/2019,Sun,3,3,3,3,1,0,0,Away,MIA,Miami Dolphins,FALSE,31,80.6,25,2,311,10,10,30,0,0,130,Win,33,1,79,2.4,13,8,37:36:00,1,Reg,4,6
,,,,,,,,,,,,,,,,,,,,,,,,,,,,,,,,,,,,,,
,,,,,,,,,,,,,,,,,,,,,,,,,,,,,,,,,,,,,,
,,,,,,,,,,,,,,,,,,,,,,,,,,,,,,,,,,,,,,
,,,,,,,,,,,,,,,,,,,,,,,,,,,,,,,,,,,,,,
,,,,,,,,,,,,,,,,,,,,,,,,,,,,,,,,,,,,,,
,,,,,,,,,,,,,,,,,,,,,,,,,,,,,,,,,,,,,,
,,,,,,,,,,,,,,,,,,,,,,,,,,,,,,,,,,,,,,
,,,,,,,,,,,,,,,,,,,,,,,,,,,,,,,,,,,,,,
,,,,,,,,,,,,,,,,,,,,,,,,,,,,,,,,,,,,,,
,,,,,,,,,,,,,,,,,,,,,,,,,,,,,,,,,,,,,,
,,,,,,,,,,,,,,,,,,,,,,,,,,,,,,,,,,,,,,
,,,,,,,,,,,,,,,,,,,,,,,,,,,,,,,,,,,,,,
201909080cle,201909080cle,8-Sep,9/8/2019,Sun,2,1,0,0,2,0,3,Home,OTI,Tennessee Titans,FALSE,38,65.8,25,1,244,6.4,43,13,233,5,59.5,Loss,20,1,102,5.1,10,1,30:42:00,5,Reg,1,41
201909160nyj,201909160nyj,16-Sep,9/16/2019,Mon,2,2,3,3,0,0,1,Away,NYJ,New York Jets,FALSE,35,54.3,19,1,305,8.7,3,23,231,6,81.2,Win,21,1,70,3.3,13,4,29:41:00,3,Reg,2,20
201909220cle,201909220cle,22-Sep,9/22/2019,Sun,1,1,2,2,2,0,1,Home,RAM,Los Angeles Rams,FALSE,36,50,18,1,175,4.9,20,13,240,6,61.7,Loss,24,0,95,4,16,6,31:37:00,3,Reg,3,20
201909290rav,201909290rav,29-Sep,9/29/2019,Sun,4,4,2,2,1,1,1,Away,RAV,Baltimore Ravens,FALSE,31,64.5,20,1,337,10.9,25,40,127,3,98.5,Win,29,4,193,6.7,13,6,30:17:00,1,Reg,4,5
,,,,,,,,,,,,,,,,,,,,,,,,,,,,,,,,,,,,,,
,,,,,,,,,,,,,,,,,,,,,,,,,,,,,,,,,,,,,,
,,,,,,,,,,,,,,,,,,,,,,,,,,,,,,,,,,,,,,
,,,,,,,,,,,,,,,,,,,,,,,,,,,,,,,,,,,,,,
,,,,,,,,,,,,,,,,,,,,,,,,,,,,,,,,,,,,,,
,,,,,,,,,,,,,,,,,,,,,,,,,,,,,,,,,,,,,,
,,,,,,,,,,,,,,,,,,,,,,,,,,,,,,,,,,,,,,
,,,,,,,,,,,,,,,,,,,,,,,,,,,,,,,,,,,,,,
,,,,,,,,,,,,,,,,,,,,,,,,,,,,,,,,,,,,,,
,,,,,,,,,,,,,,,,,,,,,,,,,,,,,,,,,,,,,,
,,,,,,,,,,,,,,,,,,,,,,,,,,,,,,,,,,,,,,
,,,,,,,,,,,,,,,,,,,,,,,,,,,,,,,,,,,,,,
201909080dal,201909080dal,8-Sep,9/8/2019,Sun,2,2,1,1,3,1,0,Away,DAL,Dallas Cowboys,FALSE,48,68.8,33,1,319,6.6,35,17,166,4,94,Loss,17,1,151,8.9,11,2,27:42:00,1,Reg,1,4
201909150nyg,201909150nyg,15-Sep,9/15/2019,Sun,2,2,1,0,2,1,2,Home,BUF,Buffalo Bills,FALSE,45,57.8,26,1,241,5.4,28,14,242,5,61.4,Loss,20,1,129,6.5,12,3,27:22:00,1,Reg,2,9
201909220tam,201909220tam,22-Sep,9/22/2019,Sun,3,3,1,1,1,1,0,Away,TAM,Tampa Bay Buccaneers,FALSE,36,63.9,23,2,312,8.7,31,32,244,5,110,Win,19,2,72,3.8,13,6,26:48:00,5,Reg,3,24
201909290nyg,201909290nyg,29-Sep,9/29/2019,Sun,3,3,1,1,1,1,2,Home,WAS,Washington Redskins,FALSE,31,74.2,23,1,225,7.3,3,24,165,3,78,Win,37,1,164,4.4,13,8,36:09:00,0,Reg,4,0
,,,,,,,,,,,,,,,,,,,,,,,,,,,,,,,,,,,,,,
,,,,,,,,,,,,,,,,,,,,,,,,,,,,,,,,,,,,,,
,,,,,,,,,,,,,,,,,,,,,,,,,,,,,,,,,,,,,,
,,,,,,,,,,,,,,,,,,,,,,,,,,,,,,,,,,,,,,
,,,,,,,,,,,,,,,,,,,,,,,,,,,,,,,,,,,,,,
,,,,,,,,,,,,,,,,,,,,,,,,,,,,,,,,,,,,,,
,,,,,,,,,,,,,,,,,,,,,,,,,,,,,,,,,,,,,,
,,,,,,,,,,,,,,,,,,,,,,,,,,,,,,,,,,,,,,
,,,,,,,,,,,,,,,,,,,,,,,,,,,,,,,,,,,,,,
,,,,,,,,,,,,,,,,,,,,,,,,,,,,,,,,,,,,,,
,,,,,,,,,,,,,,,,,,,,,,,,,,,,,,,,,,,,,,
,,,,,,,,,,,,,,,,,,,,,,,,,,,,,,,,,,,,,,
201909050chi,201909050chi,5-Sep,9/5/2019,Thu,1,1,1,1,0,0,0,Away,CHI,Chicago Bears,FALSE,30,60,18,1,166,5.5,3,10,428,9,86.2,Win,22,0,47,2.1,12,2,31:03:00,5,Reg,1,37
201909150gnb,201909150gnb,15-Sep,9/15/2019,Sun,3,3,0,0,1,0,0,Home,MIN,Minnesota Vikings,FALSE,34,64.7,22,2,191,5.6,16,21,381,8,99,Win,33,1,144,4.4,15,5,34:06:00,2,Reg,2,18
201909220gnb,201909220gnb,22-Sep,9/22/2019,Sun,3,3,3,2,0,0,0,Home,DEN,Denver Broncos,FALSE,29,58.6,17,1,235,8.1,16,27,212,4,96.2,Win,23,2,77,3.3,9,2,24:26:00,0,Reg,3,0
201909260gnb,201909260gnb,26-Sep,9/26/2019,Thu,3,3,2,2,1,0,1,Home,PHI,Philadelphia Eagles,FALSE,53,64.2,34,2,414,7.8,34,27,83,2,92.8,Loss,20,1,77,3.9,11,6,32:21:00,1,Reg,4,8
,,,,,,,,,,,,,,,,,,,,,,,,,,,,,,,,,,,,,,
,,,,,,,,,,,,,,,,,,,,,,,,,,,,,,,,,,,,,,
,,,,,,,,,,,,,,,,,,,,,,,,,,,,,,,,,,,,,,
,,,,,,,,,,,,,,,,,,,,,,,,,,,,,,,,,,,,,,
,,,,,,,,,,,,,,,,,,,,,,,,,,,,,,,,,,,,,,
,,,,,,,,,,,,,,,,,,,,,,,,,,,,,,,,,,,,,,
,,,,,,,,,,,,,,,,,,,,,,,,,,,,,,,,,,,,,,
,,,,,,,,,,,,,,,,,,,,,,,,,,,,,,,,,,,,,,
,,,,,,,,,,,,,,,,,,,,,,,,,,,,,,,,,,,,,,
,,,,,,,,,,,,,,,,,,,,,,,,,,,,,,,,,,,,,,
,,,,,,,,,,,,,,,,,,,,,,,,,,,,,,,,,,,,,,
,,,,,,,,,,,,,,,,,,,,,,,,,,,,,,,,,,,,,,
201909080jax,201909080jax,8-Sep,9/8/2019,Sun,2,2,2,2,0,0,1,Home,KAN,Kansas City Chiefs,FALSE,33,81.8,27,3,347,10.5,40,26,96,2,128.2,Loss,16,0,81,5.1,10,5,28:45:00,1,Reg,1,3
201909150htx,201909150htx,15-Sep,9/15/2019,Sun,0,0,2,2,2,2,0,Away,HTX,Houston Texans,FALSE,33,69.7,23,1,178,5.4,13,12,288,6,92.7,Loss,21,0,103,4.9,13,3,30:01:00,4,Reg,2,35
201909190jax,201909190jax,19-Sep,9/19/2019,Thu,2,2,2,2,1,0,0,Home,OTI,Tennessee Titans,FALSE,30,66.7,20,2,204,6.8,7,20,252,6,108.2,Win,20,0,88,4.4,11,2,24:44:00,0,Reg,3,0
201909290den,201909290den,29-Sep,9/29/2019,Sun,2,2,4,4,1,1,0,Away,DEN,Denver Broncos,FALSE,33,57.6,19,2,186,5.6,24,26,273,6,93.7,Win,38,0,269,7.1,14,4,39:12:00,5,Reg,4,27
,,,,,,,,,,,,,,,,,,,,,,,,,,,,,,,,,,,,,,
,,,,,,,,,,,,,,,,,,,,,,,,,,,,,,,,,,,,,,
,,,,,,,,,,,,,,,,,,,,,,,,,,,,,,,,,,,,,,
,,,,,,,,,,,,,,,,,,,,,,,,,,,,,,,,,,,,,,
,,,,,,,,,,,,,,,,,,,,,,,,,,,,,,,,,,,,,,
,,,,,,,,,,,,,,,,,,,,,,,,,,,,,,,,,,,,,,
,,,,,,,,,,,,,,,,,,,,,,,,,,,,,,,,,,,,,,
,,,,,,,,,,,,,,,,,,,,,,,,,,,,,,,,,,,,,,
,,,,,,,,,,,,,,,,,,,,,,,,,,,,,,,,,,,,,,
,,,,,,,,,,,,,,,,,,,,,,,,,,,,,,,,,,,,,,
,,,,,,,,,,,,,,,,,,,,,,,,,,,,,,,,,,,,,,
,,,,,,,,,,,,,,,,,,,,,,,,,,,,,,,,,,,,,,
201909090nor,201909090nor,9-Sep,9/9/2019,Mon,3,3,4,3,0,0,1,Home,HTX,Houston Texans,FALSE,43,74.4,32,2,362,8.4,28,30,88,2,105,Win,21,1,148,7,11,7,30:13:00,1,Reg,1,8
201909150ram,201909150ram,15-Sep,9/15/2019,Sun,0,0,3,3,1,0,1,Away,RAM,Los Angeles Rams,FALSE,35,57.1,20,0,187,5.3,27,9,244,5,60.1,Loss,20,0,57,2.9,13,4,29:39:00,2,Reg,2,16
201909220sea,201909220sea,22-Sep,9/22/2019,Sun,4,3,0,0,1,1,0,Away,SEA,Seattle Seahawks,FALSE,27,70.4,19,2,177,6.6,27,33,324,6,112.7,Win,23,1,88,3.8,11,3,28:27:00,0,Reg,3,0
201909290nor,201909290nor,29-Sep,9/29/2019,Sun,0,0,4,4,0,0,1,Home,DAL,Dallas Cowboys,FALSE,30,76.7,23,0,149,5,10,12,174,4,72.8,Win,27,0,117,4.3,14,6,36:04:00,5,Reg,4,44
,,,,,,,,,,,,,,,,,,,,,,,,,,,,,,,,,,,,,,
,,,,,,,,,,,,,,,,,,,,,,,,,,,,,,,,,,,,,,
,,,,,,,,,,,,,,,,,,,,,,,,,,,,,,,,,,,,,,
,,,,,,,,,,,,,,,,,,,,,,,,,,,,,,,,,,,,,,
,,,,,,,,,,,,,,,,,,,,,,,,,,,,,,,,,,,,,,
,,,,,,,,,,,,,,,,,,,,,,,,,,,,,,,,,,,,,,
,,,,,,,,,,,,,,,,,,,,,,,,,,,,,,,,,,,,,,
,,,,,,,,,,,,,,,,,,,,,,,,,,,,,,,,,,,,,,
,,,,,,,,,,,,,,,,,,,,,,,,,,,,,,,,,,,,,,
,,,,,,,,,,,,,,,,,,,,,,,,,,,,,,,,,,,,,,
,,,,,,,,,,,,,,,,,,,,,,,,,,,,,,,,,,,,,,
,,,,,,,,,,,,,,,,,,,,,,,,,,,,,,,,,,,,,,
201909080min,201909080min,8-Sep,9/8/2019,Sun,4,4,0,0,0,0,0,Home,ATL,Atlanta Falcons,FALSE,10,80,8,1,97,9.7,12,28,247,5,140.4,Win,38,3,172,4.5,10,5,29:47:00,1,Reg,1,1
201909150gnb,201909150gnb,15-Sep,9/15/2019,Sun,2,1,2,1,0,0,2,Away,GNB,Green Bay Packers,FALSE,32,43.8,14,1,223,7,21,16,264,6,52,Loss,27,1,198,7.3,13,4,25:54:00,1,Reg,2,7
201909220min,201909220min,22-Sep,9/22/2019,Sun,4,4,2,2,0,0,0,Home,RAI,Oakland Raiders,FALSE,21,71.4,15,1,174,8.3,14,34,95,2,112,Win,38,3,211,5.6,9,5,31:32:00,0,Reg,3,0
201909290chi,201909290chi,29-Sep,9/29/2019,Sun,0,0,0,0,2,1,0,Away,CHI,Chicago Bears,FALSE,36,75,27,0,182,5.1,16,6,235,5,85.6,Loss,16,1,40,2.5,13,5,24:33:00,6,Reg,4,51
,,,,,,,,,,,,,,,,,,,,,,,,,,,,,,,,,,,,,,
,,,,,,,,,,,,,,,,,,,,,,,,,,,,,,,,,,,,,,
,,,,,,,,,,,,,,,,,,,,,,,,,,,,,,,,,,,,,,
,,,,,,,,,,,,,,,,,,,,,,,,,,,,,,,,,,,,,,
,,,,,,,,,,,,,,,,,,,,,,,,,,,,,,,,,,,,,,
,,,,,,,,,,,,,,,,,,,,,,,,,,,,,,,,,,,,,,
,,,,,,,,,,,,,,,,,,,,,,,,,,,,,,,,,,,,,,
,,,,,,,,,,,,,,,,,,,,,,,,,,,,,,,,,,,,,,
,,,,,,,,,,,,,,,,,,,,,,,,,,,,,,,,,,,,,,
,,,,,,,,,,,,,,,,,,,,,,,,,,,,,,,,,,,,,,
,,,,,,,,,,,,,,,,,,,,,,,,,,,,,,,,,,,,,,
,,,,,,,,,,,,,,,,,,,,,,,,,,,,,,,,,,,,,,
201909090rai,201909090rai,9-Sep,9/9/2019,Mon,3,3,1,1,0,0,0,Home,DEN,Denver Broncos,FALSE,26,84.6,22,1,259,10,16,24,134,3,121,Win,28,2,98,3.5,14,10,32:45:00,0,Reg,1,0
201909150rai,201909150rai,15-Sep,9/15/2019,Sun,1,1,1,1,1,1,2,Home,KAN,Kansas City Chiefs,FALSE,38,60.5,23,1,178,4.7,28,10,264,6,58.9,Loss,19,0,129,6.8,14,6,27:25:00,3,Reg,2,20
201909220min,201909220min,22-Sep,9/22/2019,Sun,2,2,1,0,3,2,1,Away,MIN,Minnesota Vikings,FALSE,34,79.4,27,2,214,6.3,34,14,217,4,100.2,Loss,20,0,88,4.4,11,3,28:28:00,4,Reg,3,28
201909290clt,201909290clt,29-Sep,9/29/2019,Sun,4,4,1,1,1,1,0,Away,CLT,Indianapolis Colts,FALSE,31,67.7,21,2,189,6.1,24,31,253,5,105.4,Win,32,1,188,5.9,12,5,33:41:00,1,Reg,4,0
,,,,,,,,,,,,,,,,,,,,,,,,,,,,,,,,,,,,,,
,,,,,,,,,,,,,,,,,,,,,,,,,,,,,,,,,,,,,,
,,,,,,,,,,,,,,,,,,,,,,,,,,,,,,,,,,,,,,
,,,,,,,,,,,,,,,,,,,,,,,,,,,,,,,,,,,,,,
,,,,,,,,,,,,,,,,,,,,,,,,,,,,,,,,,,,,,,
,,,,,,,,,,,,,,,,,,,,,,,,,,,,,,,,,,,,,,
,,,,,,,,,,,,,,,,,,,,,,,,,,,,,,,,,,,,,,
,,,,,,,,,,,,,,,,,,,,,,,,,,,,,,,,,,,,,,
,,,,,,,,,,,,,,,,,,,,,,,,,,,,,,,,,,,,,,
,,,,,,,,,,,,,,,,,,,,,,,,,,,,,,,,,,,,,,
,,,,,,,,,,,,,,,,,,,,,,,,,,,,,,,,,,,,,,
,,,,,,,,,,,,,,,,,,,,,,,,,,,,,,,,,,,,,,
201909090nor,201909090nor,9-Sep,9/9/2019,Mon,4,4,0,0,1,1,1,Away,NOR,New Orleans Saints,FALSE,30,66.7,20,3,234,7.8,30,28,172,4,109.6,Loss,23,1,180,7.8,13,7,29:47:00,6,Reg,1,34
201909150htx,201909150htx,15-Sep,9/15/2019,Sun,1,1,2,2,1,1,0,Home,JAX,Jacksonville Jaguars,FALSE,29,55.2,16,0,137,4.7,12,13,307,7,67.7,Win,30,1,126,4.2,15,6,29:59:00,4,Reg,2,22
201909220sdg,201909220sdg,22-Sep,9/22/2019,Sun,4,3,1,0,0,0,0,Away,SDG,Los Angeles Chargers,FALSE,34,73.5,25,3,337,9.9,20,27,180,4,134.1,Win,19,1,39,2.1,10,6,28:12:00,2,Reg,3,14
201909290htx,201909290htx,29-Sep,9/29/2019,Sun,1,1,2,1,0,0,1,Home,CAR,Carolina Panthers,FALSE,34,61.8,21,0,128,3.8,16,10,257,5,57,Loss,22,1,136,6.2,11,4,29:22:00,6,Reg,4,32
,,,,,,,,,,,,,,,,,,,,,,,,,,,,,,,,,,,,,,
,,,,,,,,,,,,,,,,,,,,,,,,,,,,,,,,,,,,,,
,,,,,,,,,,,,,,,,,,,,,,,,,,,,,,,,,,,,,,
,,,,,,,,,,,,,,,,,,,,,,,,,,,,,,,,,,,,,,
,,,,,,,,,,,,,,,,,,,,,,,,,,,,,,,,,,,,,,
,,,,,,,,,,,,,,,,,,,,,,,,,,,,,,,,,,,,,,
,,,,,,,,,,,,,,,,,,,,,,,,,,,,,,,,,,,,,,
,,,,,,,,,,,,,,,,,,,,,,,,,,,,,,,,,,,,,,
,,,,,,,,,,,,,,,,,,,,,,,,,,,,,,,,,,,,,,
,,,,,,,,,,,,,,,,,,,,,,,,,,,,,,,,,,,,,,
,,,,,,,,,,,,,,,,,,,,,,,,,,,,,,,,,,,,,,
,,,,,,,,,,,,,,,,,,,,,,,,,,,,,,,,,,,,,,
201909080nyj,201909080nyj,8-Sep,9/8/2019,Sun,2,2,1,1,1,0,2,Away,NYJ,New York Jets,FALSE,37,64.9,24,1,242,6.5,16,17,130,3,69.9,Win,25,1,128,5.1,10,5,27:59:00,1,Reg,1,12
201909150nyg,201909150nyg,15-Sep,9/15/2019,Sun,4,4,0,0,0,0,0,Away,NYG,New York Giants,FALSE,30,63.3,19,1,237,7.9,14,28,325,7,98.9,Win,34,3,151,4.4,13,5,32:38:00,3,Reg,2,16
201909220buf,201909220buf,22-Sep,9/22/2019,Sun,1,1,3,2,0,0,1,Home,CIN,Cincinnati Bengals,FALSE,36,63.9,23,1,241,6.7,17,21,173,5,80.9,Win,36,1,175,4.9,13,5,36:54:00,1,Reg,3,2
201909290buf,201909290buf,29-Sep,9/29/2019,Sun,1,1,2,1,2,1,4,Home,NWE,New England Patriots,FALSE,44,50,22,0,240,5.5,16,10,180,6,28.6,Loss,22,1,135,6.1,13,2,32:40:00,5,Reg,4,40
,,,,,,,,,,,,,,,,,,,,,,,,,,,,,,,,,,,,,,
,,,,,,,,,,,,,,,,,,,,,,,,,,,,,,,,,,,,,,
,,,,,,,,,,,,,,,,,,,,,,,,,,,,,,,,,,,,,,
,,,,,,,,,,,,,,,,,,,,,,,,,,,,,,,,,,,,,,
,,,,,,,,,,,,,,,,,,,,,,,,,,,,,,,,,,,,,,
,,,,,,,,,,,,,,,,,,,,,,,,,,,,,,,,,,,,,,
,,,,,,,,,,,,,,,,,,,,,,,,,,,,,,,,,,,,,,
,,,,,,,,,,,,,,,,,,,,,,,,,,,,,,,,,,,,,,
,,,,,,,,,,,,,,,,,,,,,,,,,,,,,,,,,,,,,,
,,,,,,,,,,,,,,,,,,,,,,,,,,,,,,,,,,,,,,
,,,,,,,,,,,,,,,,,,,,,,,,,,,,,,,,,,,,,,
,,,,,,,,,,,,,,,,,,,,,,,,,,,,,,,,,,,,,,
201909080nwe,201909080nwe,8-Sep,9/8/2019,Sun,0,0,1,1,3,1,1,Away,NWE,New England Patriots,FALSE,47,57.4,27,0,276,5.9,33,3,228,5,65.6,Loss,13,0,32,2.5,12,3,27:27:00,1,Reg,1,0
201909150pit,201909150pit,15-Sep,9/15/2019,Sun,2,2,2,2,0,0,1,Home,SEA,Seattle Seahawks,FALSE,34,58.8,20,2,180,5.3,28,26,224,5,80.5,Loss,16,1,81,5.1,11,3,24:14:00,1,Reg,2,7
201909220sfo,201909220sfo,22-Sep,9/22/2019,Sun,2,2,2,2,1,0,1,Away,SFO,San Francisco 49ers,FALSE,27,51.9,14,2,160,5.9,24,20,314,6,79.2,Loss,22,0,79,3.6,12,3,23:43,2,Reg,3,14
201909300pit,201909300pit,30-Sep,9/30/2019,Mon,3,3,2,2,1,0,0,Home,CIN,Cincinnati Bengals,FALSE,31,87.1,27,2,260,8.4,3,27,99,2,123.1,Win,25,1,66,2.6,9,3,29:46:00,0,Reg,4,0
,,,,,,,,,,,,,,,,,,,,,,,,,,,,,,,,,,,,,,
,,,,,,,,,,,,,,,,,,,,,,,,,,,,,,,,,,,,,,
,,,,,,,,,,,,,,,,,,,,,,,,,,,,,,,,,,,,,,
,,,,,,,,,,,,,,,,,,,,,,,,,,,,,,,,,,,,,,
,,,,,,,,,,,,,,,,,,,,,,,,,,,,,,,,,,,,,,
,,,,,,,,,,,,,,,,,,,,,,,,,,,,,,,,,,,,,,
,,,,,,,,,,,,,,,,,,,,,,,,,,,,,,,,,,,,,,
,,,,,,,,,,,,,,,,,,,,,,,,,,,,,,,,,,,,,,
,,,,,,,,,,,,,,,,,,,,,,,,,,,,,,,,,,,,,,
,,,,,,,,,,,,,,,,,,,,,,,,,,,,,,,,,,,,,,
,,,,,,,,,,,,,,,,,,,,,,,,,,,,,,,,,,,,,,
,,,,,,,,,,,,,,,,,,,,,,,,,,,,,,,,,,,,,,
201909080crd,201909080crd,8-Sep,9/8/2019,Sun,1,1,4,4,0,0,1,Home,DET,Detroit Lions,TRUE,54,53.7,29,2,275,5.1,27,27,380,8,72.7,Win,23,0,112,4.9,22,9,30:37:00,5,Reg,1,33
201909150rav,201909150rav,15-Sep,9/15/2019,Sun,0,0,3,3,1,1,0,Away,RAV,Baltimore Ravens,FALSE,40,62.5,25,0,329,8.2,23,17,267,5,88.4,Loss,11,1,20,1.8,11,2,22:22,3,Reg,2,20
201909220crd,201909220crd,22-Sep,9/22/2019,Sun,2,2,2,2,1,1,2,Home,CAR,Carolina Panthers,FALSE,43,69.8,30,2,127,3,38,20,212,5,68.8,Loss,22,0,121,5.5,17,9,31:44:00,8,Reg,3,46
201909290crd,201909290crd,29-Sep,9/29/2019,Sun,1,1,3,1,0,0,1,Home,SEA,Seattle Seahawks,FALSE,32,68.8,22,0,206,6.4,27,10,141,3,73.2,Loss,23,1,115,5,9,3,26:36:00,4,Reg,4,35
,,,,,,,,,,,,,,,,,,,,,,,,,,,,,,,,,,,,,,
,,,,,,,,,,,,,,,,,,,,,,,,,,,,,,,,,,,,,,
,,,,,,,,,,,,,,,,,,,,,,,,,,,,,,,,,,,,,,
,,,,,,,,,,,,,,,,,,,,,,,,,,,,,,,,,,,,,,
,,,,,,,,,,,,,,,,,,,,,,,,,,,,,,,,,,,,,,
,,,,,,,,,,,,,,,,,,,,,,,,,,,,,,,,,,,,,,
,,,,,,,,,,,,,,,,,,,,,,,,,,,,,,,,,,,,,,
,,,,,,,,,,,,,,,,,,,,,,,,,,,,,,,,,,,,,,
,,,,,,,,,,,,,,,,,,,,,,,,,,,,,,,,,,,,,,
,,,,,,,,,,,,,,,,,,,,,,,,,,,,,,,,,,,,,,
,,,,,,,,,,,,,,,,,,,,,,,,,,,,,,,,,,,,,,
,,,,,,,,,,,,,,,,,,,,,,,,,,,,,,,,,,,,,,
201909080min,201909080min,8-Sep,9/8/2019,Sun,0,0,0,0,2,2,2,Away,MIN,Minnesota Vikings,FALSE,46,71.7,33,2,272,5.9,28,12,130,4,82.9,Loss,17,0,73,4.3,8,2,30:13:00,4,Reg,1,32
201909150atl,201909150atl,15-Sep,9/15/2019,Sun,3,3,2,1,1,1,3,Home,PHI,Philadelphia Eagles,FALSE,43,62.8,27,3,310,7.2,20,24,118,3,78.6,Win,17,0,57,3.4,10,3,27:06:00,1,Reg,2,10
201909220clt,201909220clt,22-Sep,9/22/2019,Sun,3,3,1,1,0,0,1,Away,CLT,Indianapolis Colts,FALSE,34,85.3,29,3,304,8.9,27,24,39,1,121.1,Loss,20,0,93,4.7,10,8,28:37:00,0,Reg,3,0
201909290atl,201909290atl,29-Sep,9/29/2019,Sun,1,1,2,1,4,1,0,Home,OTI,Tennessee Titans,FALSE,53,66,35,0,364,6.9,24,10,129,3,85.7,Loss,17,1,58,3.4,14,5,30:41:00,5,Reg,4,33
,,,,,,,,,,,,,,,,,,,,,,,,,,,,,,,,,,,,,,
,,,,,,,,,,,,,,,,,,,,,,,,,,,,,,,,,,,,,,
,,,,,,,,,,,,,,,,,,,,,,,,,,,,,,,,,,,,,,
,,,,,,,,,,,,,,,,,,,,,,,,,,,,,,,,,,,,,,
,,,,,,,,,,,,,,,,,,,,,,,,,,,,,,,,,,,,,,
,,,,,,,,,,,,,,,,,,,,,,,,,,,,,,,,,,,,,,
,,,,,,,,,,,,,,,,,,,,,,,,,,,,,,,,,,,,,,
,,,,,,,,,,,,,,,,,,,,,,,,,,,,,,,,,,,,,,
,,,,,,,,,,,,,,,,,,,,,,,,,,,,,,,,,,,,,,
,,,,,,,,,,,,,,,,,,,,,,,,,,,,,,,,,,,,,,
,,,,,,,,,,,,,,,,,,,,,,,,,,,,,,,,,,,,,,
,,,,,,,,,,,,,,,,,,,,,,,,,,,,,,,,,,,,,,
201909090rai,201909090rai,9-Sep,9/9/2019,Mon,1,1,4,3,0,0,0,Away,RAI,Oakland Raiders,FALSE,31,67.7,21,1,249,8,24,16,143,3,102.8,Loss,23,0,95,4.1,13,6,27:15:00,3,Reg,1,19
201909150den,201909150den,15-Sep,9/15/2019,Sun,0,0,2,2,3,3,1,Home,CHI,Chicago Bears,FALSE,50,70,35,1,282,5.6,16,14,200,5,82.2,Loss,24,0,90,3.8,14,3,32:59:00,2,Reg,2,10
201909220gnb,201909220gnb,22-Sep,9/22/2019,Sun,2,1,1,1,2,1,1,Away,GNB,Green Bay Packers,FALSE,29,69,20,0,161,5.6,27,16,148,3,68.3,Loss,38,2,149,3.9,15,8,35:34:00,6,Reg,3,52
201909290den,201909290den,29-Sep,9/29/2019,Sun,3,3,1,1,0,0,1,Home,JAX,Jacksonville Jaguars,FALSE,38,57.9,22,3,303,8,26,24,271,6,98.9,Loss,16,0,68,4.3,11,4,20:48,0,Reg,4,0
,,,,,,,,,,,,,,,,,,,,,,,,,,,,,,,,,,,,,,
,,,,,,,,,,,,,,,,,,,,,,,,,,,,,,,,,,,,,,
,,,,,,,,,,,,,,,,,,,,,,,,,,,,,,,,,,,,,,
,,,,,,,,,,,,,,,,,,,,,,,,,,,,,,,,,,,,,,
,,,,,,,,,,,,,,,,,,,,,,,,,,,,,,,,,,,,,,
,,,,,,,,,,,,,,,,,,,,,,,,,,,,,,,,,,,,,,
,,,,,,,,,,,,,,,,,,,,,,,,,,,,,,,,,,,,,,
,,,,,,,,,,,,,,,,,,,,,,,,,,,,,,,,,,,,,,
,,,,,,,,,,,,,,,,,,,,,,,,,,,,,,,,,,,,,,
,,,,,,,,,,,,,,,,,,,,,,,,,,,,,,,,,,,,,,
,,,,,,,,,,,,,,,,,,,,,,,,,,,,,,,,,,,,,,
,,,,,,,,,,,,,,,,,,,,,,,,,,,,,,,,,,,,,,
201909050chi,201909050chi,5-Sep,9/5/2019,Thu,0,0,1,1,2,0,1,Home,GNB,Green Bay Packers,FALSE,45,57.8,26,0,208,4.6,10,3,341,8,60.2,Loss,15,0,46,3.1,15,3,28:57:00,5,Reg,1,20
201909150den,201909150den,15-Sep,9/15/2019,Sun,1,1,3,3,1,1,0,Away,DEN,Denver Broncos,FALSE,27,59.3,16,0,120,4.4,14,16,287,5,70,Win,29,1,153,5.3,11,3,27:01:00,0,Reg,2,0
201909230was,201909230was,23-Sep,9/23/2019,Mon,4,4,2,1,0,0,1,Away,WAS,Washington Redskins,FALSE,31,80.6,25,3,208,6.7,15,31,140,3,113.4,Win,24,0,90,3.8,13,8,31:36:00,3,Reg,3,23
201909290chi,201909290chi,29-Sep,9/29/2019,Sun,1,1,3,3,3,2,0,Home,MIN,Minnesota Vikings,FALSE,33,72.7,24,1,197,6,6,16,241,5,97.7,Win,33,0,72,2.2,16,5,35:27:00,1,Reg,4,7
,,,,,,,,,,,,,,,,,,,,,,,,,,,,,,,,,,,,,,
,,,,,,,,,,,,,,,,,,,,,,,,,,,,,,,,,,,,,,
,,,,,,,,,,,,,,,,,,,,,,,,,,,,,,,,,,,,,,
,,,,,,,,,,,,,,,,,,,,,,,,,,,,,,,,,,,,,,
,,,,,,,,,,,,,,,,,,,,,,,,,,,,,,,,,,,,,,
,,,,,,,,,,,,,,,,,,,,,,,,,,,,,,,,,,,,,,
,,,,,,,,,,,,,,,,,,,,,,,,,,,,,,,,,,,,,,
,,,,,,,,,,,,,,,,,,,,,,,,,,,,,,,,,,,,,,
,,,,,,,,,,,,,,,,,,,,,,,,,,,,,,,,,,,,,,
,,,,,,,,,,,,,,,,,,,,,,,,,,,,,,,,,,,,,,
,,,,,,,,,,,,,,,,,,,,,,,,,,,,,,,,,,,,,,
,,,,,,,,,,,,,,,,,,,,,,,,,,,,,,,,,,,,,,
201909080phi,201909080phi,8-Sep,9/8/2019,Sun,3,3,2,2,2,2,0,Away,PHI,Philadelphia Eagles,FALSE,44,68.2,30,3,370,8.4,32,27,272,5,116.7,Loss,13,0,28,2.2,13,5,25:33:00,1,Reg,1,10
201909150was,201909150was,15-Sep,9/15/2019,Sun,3,3,0,0,3,2,0,Home,DAL,Dallas Cowboys,FALSE,37,70.3,26,2,208,5.6,31,21,198,4,102.1,Loss,17,1,47,2.8,9,2,26:38:00,1,Reg,2,13
201909230was,201909230was,23-Sep,9/23/2019,Mon,0,0,2,1,3,2,3,Home,CHI,Chicago Bears,FALSE,43,69.8,30,2,287,6.7,31,15,48,1,74.5,Loss,21,0,69,3.3,9,3,28:24:00,4,Reg,3,45
201909290nyg,201909290nyg,29-Sep,9/29/2019,Sun,0,0,1,1,0,0,4,Away,NYG,New York Giants,FALSE,28,53.6,15,0,121,4.3,24,3,319,6,25.1,Loss,17,0,55,3.2,11,2,23:51,3,Reg,4,23
,,,,,,,,,,,,,,,,,,,,,,,,,,,,,,,,,,,,,,
,,,,,,,,,,,,,,,,,,,,,,,,,,,,,,,,,,,,,,
,,,,,,,,,,,,,,,,,,,,,,,,,,,,,,,,,,,,,,
,,,,,,,,,,,,,,,,,,,,,,,,,,,,,,,,,,,,,,
,,,,,,,,,,,,,,,,,,,,,,,,,,,,,,,,,,,,,,
,,,,,,,,,,,,,,,,,,,,,,,,,,,,,,,,,,,,,,
,,,,,,,,,,,,,,,,,,,,,,,,,,,,,,,,,,,,,,
,,,,,,,,,,,,,,,,,,,,,,,,,,,,,,,,,,,,,,
,,,,,,,,,,,,,,,,,,,,,,,,,,,,,,,,,,,,,,
,,,,,,,,,,,,,,,,,,,,,,,,,,,,,,,,,,,,,,
,,,,,,,,,,,,,,,,,,,,,,,,,,,,,,,,,,,,,,
,,,,,,,,,,,,,,,,,,,,,,,,,,,,,,,,,,,,,,
201909080sea,201909080sea,8-Sep,9/8/2019,Sun,2,2,3,2,1,0,0,Away,SEA,Seattle Seahawks,FALSE,51,68.6,35,2,395,7.7,21,20,177,4,104.6,Loss,14,0,34,2.4,15,6,35:50:00,5,Reg,1,23
201909150cin,201909150cin,15-Sep,9/15/2019,Sun,2,2,2,1,2,1,1,Home,SFO,San Francisco 49ers,FALSE,42,61.9,26,2,291,6.9,41,17,226,5,88.5,Loss,19,0,25,1.3,18,9,27:41:00,4,Reg,2,20
201909220buf,201909220buf,22-Sep,9/22/2019,Sun,2,2,1,1,0,0,2,Away,BUF,Buffalo Bills,FALSE,36,55.6,20,1,240,6.7,21,17,243,6,62.3,Loss,19,1,66,3.5,11,3,23:06,2,Reg,3,10
201909300pit,201909300pit,30-Sep,9/30/2019,Mon,0,0,1,1,3,1,1,Away,PIT,Pittsburgh Steelers,FALSE,37,56.8,21,0,102,2.8,27,3,205,5,50.6,Loss,19,0,73,3.8,14,4,30:14:00,8,Reg,4,69
,,,,,,,,,,,,,,,,,,,,,,,,,,,,,,,,,,,,,,
,,,,,,,,,,,,,,,,,,,,,,,,,,,,,,,,,,,,,,
,,,,,,,,,,,,,,,,,,,,,,,,,,,,,,,,,,,,,,
,,,,,,,,,,,,,,,,,,,,,,,,,,,,,,,,,,,,,,
,,,,,,,,,,,,,,,,,,,,,,,,,,,,,,,,,,,,,,
,,,,,,,,,,,,,,,,,,,,,,,,,,,,,,,,,,,,,,
,,,,,,,,,,,,,,,,,,,,,,,,,,,,,,,,,,,,,,
,,,,,,,,,,,,,,,,,,,,,,,,,,,,,,,,,,,,,,
,,,,,,,,,,,,,,,,,,,,,,,,,,,,,,,,,,,,,,
,,,,,,,,,,,,,,,,,,,,,,,,,,,,,,,,,,,,,,
,,,,,,,,,,,,,,,,,,,,,,,,,,,,,,,,,,,,,,
,,,,,,,,,,,,,,,,,,,,,,,,,,,,,,,,,,,,,,
201909080nyj,201909080nyj,8-Sep,9/8/2019,Sun,1,0,1,0,2,1,0,Home,BUF,Buffalo Bills,FALSE,41,68.3,28,1,155,3.8,17,16,304,7,82.9,Loss,21,0,68,3.2,17,7,32:01:00,4,Reg,1,20
201909160nyj,201909160nyj,16-Sep,9/16/2019,Mon,0,0,1,1,2,0,0,Home,CLE,Cleveland Browns,FALSE,31,74.2,23,0,169,5.5,23,3,329,7,86.6,Loss,24,0,93,3.9,14,2,30:19:00,4,Reg,2,32
201909220nwe,201909220nwe,22-Sep,9/22/2019,Sun,2,2,0,0,1,0,1,Away,NWE,New England Patriots,FALSE,22,54.5,12,0,69,3.1,30,14,464,10,41.7,Loss,20,0,36,1.8,12,0,24:46:00,5,Reg,3,29
,,,,,,,,,,,,,,,,,,,,,,,,,,,,,,,,,,,,,,
,,,,,,,,,,,,,,,,,,,,,,,,,,,,,,,,,,,,,,
,,,,,,,,,,,,,,,,,,,,,,,,,,,,,,,,,,,,,,
,,,,,,,,,,,,,,,,,,,,,,,,,,,,,,,,,,,,,,
,,,,,,,,,,,,,,,,,,,,,,,,,,,,,,,,,,,,,,
,,,,,,,,,,,,,,,,,,,,,,,,,,,,,,,,,,,,,,
,,,,,,,,,,,,,,,,,,,,,,,,,,,,,,,,,,,,,,
,,,,,,,,,,,,,,,,,,,,,,,,,,,,,,,,,,,,,,
,,,,,,,,,,,,,,,,,,,,,,,,,,,,,,,,,,,,,,
,,,,,,,,,,,,,,,,,,,,,,,,,,,,,,,,,,,,,,
,,,,,,,,,,,,,,,,,,,,,,,,,,,,,,,,,,,,,,
,,,,,,,,,,,,,,,,,,,,,,,,,,,,,,,,,,,,,,
,,,,,,,,,,,,,,,,,,,,,,,,,,,,,,,,,,,,,,
201909080mia,201909080mia,8-Sep,9/8/2019,Sun,1,1,1,1,0,0,2,Home,RAV,Baltimore Ravens,FALSE,32,46.9,15,1,179,5.6,59,10,322,6,48.8,Loss,12,0,21,1.8,10,3,19:53,3,Reg,1,11
201909150mia,201909150mia,15-Sep,9/15/2019,Sun,0,0,0,0,4,2,4,Home,NWE,New England Patriots,FALSE,39,46.2,18,0,142,3.6,43,0,298,7,16.1,Loss,15,0,42,2.8,15,2,23:30,7,Reg,2,44
201909220dal,201909220dal,22-Sep,9/22/2019,Sun,0,0,3,2,3,1,0,Away,DAL,Dallas Cowboys,FALSE,41,48.8,20,0,211,5.1,31,6,219,5,64.2,Loss,24,0,72,3,15,3,29:04:00,3,Reg,3,18
201909290mia,201909290mia,29-Sep,9/29/2019,Sun,1,1,3,1,1,0,1,Home,SDG,Los Angeles Chargers,FALSE,24,70.8,17,1,161,6.7,30,10,103,2,85.6,Loss,18,0,72,4,10,5,22:24,5,Reg,4,19
,,,,,,,,,,,,,,,,,,,,,,,,,,,,,,,,,,,,,,
,,,,,,,,,,,,,,,,,,,,,,,,,,,,,,,,,,,,,,
,,,,,,,,,,,,,,,,,,,,,,,,,,,,,,,,,,,,,,
,,,,,,,,,,,,,,,,,,,,,,,,,,,,,,,,,,,,,,
,,,,,,,,,,,,,,,,,,,,,,,,,,,,,,,,,,,,,,
,,,,,,,,,,,,,,,,,,,,,,,,,,,,,,,,,,,,,,
,,,,,,,,,,,,,,,,,,,,,,,,,,,,,,,,,,,,,,
,,,,,,,,,,,,,,,,,,,,,,,,,,,,,,,,,,,,,,
,,,,,,,,,,,,,,,,,,,,,,,,,,,,,,,,,,,,,,
,,,,,,,,,,,,,,,,,,,,,,,,,,,,,,,,,,,,,,
,,,,,,,,,,,,,,,,,,,,,,,,,,,,,,,,,,,,,,
,,,,,,,,,,,,,,,,,,,,,,,,,,,,,,,,,,,,,,
